-- phpMyAdmin SQL Dump
-- version 5.0.2
-- https://www.phpmyadmin.net/
--
-- Hôte : 127.0.0.1
-- Généré le : mer. 23 déc. 2020 à 09:40
-- Version du serveur :  10.4.11-MariaDB
-- Version de PHP : 7.4.4

SET SQL_MODE = "NO_AUTO_VALUE_ON_ZERO";
START TRANSACTION;
SET time_zone = "+00:00";


/*!40101 SET @OLD_CHARACTER_SET_CLIENT=@@CHARACTER_SET_CLIENT */;
/*!40101 SET @OLD_CHARACTER_SET_RESULTS=@@CHARACTER_SET_RESULTS */;
/*!40101 SET @OLD_COLLATION_CONNECTION=@@COLLATION_CONNECTION */;
/*!40101 SET NAMES utf8mb4 */;

--
-- Base de données : `anglais`
--

-- --------------------------------------------------------

--
-- Structure de la table `admin`
--

CREATE TABLE `admin` (
  `id_user` int(11) NOT NULL,
  `first_name` varchar(255) NOT NULL,
  `last_name` varchar(255) NOT NULL,
  `email` varchar(255) NOT NULL,
  `password` text NOT NULL,
  `last_connexion` varchar(255) NOT NULL
) ENGINE=InnoDB DEFAULT CHARSET=latin1;

--
-- Déchargement des données de la table `admin`
--

INSERT INTO `admin` (`id_user`, `first_name`, `last_name`, `email`, `password`, `last_connexion`) VALUES
(8, 'Hugo', 'Hourriez', 'hugohourriez@live.be', '$2y$10$C4xHDqNl7o3DWOc1KPA4e.MC7eYJO4jojmd8osDM/62mIc05IcT4y', '0'),
(9, 'sddssd', 'dsds', 'dfdfsfsd@ffddf.fr', '$2y$10$UDP.CVkOj/k1Z0I1oEDZtOh6bhaZH6tCzXsn984QBjNcxG0plKF5e', '0');

-- --------------------------------------------------------

--
-- Structure de la table `exemple`
--

CREATE TABLE `exemple` (
  `id` int(11) NOT NULL,
  `question` varchar(255) NOT NULL,
  `reponse` varchar(255) NOT NULL,
  `id_theme` int(11) NOT NULL
) ENGINE=InnoDB DEFAULT CHARSET=latin1;

-- --------------------------------------------------------

--
-- Structure de la table `historique_reponses`
--

CREATE TABLE `historique_reponses` (
  `id` int(11) NOT NULL,
  `id_question` int(11) NOT NULL,
  `id_partie` int(11) NOT NULL,
  `reponse` varchar(255) NOT NULL,
  `correct` int(11) NOT NULL
) ENGINE=InnoDB DEFAULT CHARSET=latin1;

--
-- Déchargement des données de la table `historique_reponses`
--

INSERT INTO `historique_reponses` (`id`, `id_question`, `id_partie`, `reponse`, `correct`) VALUES
(51, 112, 8, 'us', 1),
(52, 113, 8, 'you', 1),
(53, 110, 8, 'her', 1),
(54, 111, 9, 'lui', 1),
(55, 108, 9, 'you', 1),
(56, 110, 9, 'her', 1),
(57, 114, 9, 'there', 0),
(58, 112, 9, 'us', 1),
(59, 113, 9, 'you', 1),
(60, 109, 9, 'him', 1),
(61, 107, 9, 'me', 1),
(62, 111, 10, 'lui', 1),
(63, 108, 10, 'you', 1),
(64, 112, 10, 'us', 1),
(65, 109, 10, 'him', 1),
(66, 110, 10, 'her', 1),
(67, 107, 10, 'me', 1),
(68, 114, 10, 'them', 1),
(69, 113, 10, 'you', 1),
(70, 108, 11, 'you', 1),
(71, 109, 11, 'him', 1),
(72, 113, 11, 'you', 1),
(73, 110, 11, 'her', 1),
(74, 112, 11, 'us', 1),
(75, 111, 11, 'you', 0),
(76, 107, 11, 'me', 1),
(77, 114, 11, 'them', 1),
(78, 114, 12, 'them', 1),
(79, 109, 12, 'him', 1),
(80, 110, 12, 'her', 1),
(81, 107, 12, 'me', 1),
(82, 112, 12, 'us', 1),
(83, 108, 12, 'you', 1),
(84, 111, 12, 'i', 0),
(85, 113, 12, 'you', 1),
(86, 111, 13, 'it', 1),
(87, 112, 13, 'us', 1),
(88, 110, 13, 'her', 1),
(89, 109, 13, 'him', 1),
(90, 107, 13, 'me', 1),
(91, 113, 13, 'you', 1),
(92, 114, 13, 'them', 1),
(93, 108, 13, 'you', 1),
(94, 114, 14, 'there', 0),
(95, 108, 14, 'you', 1),
(96, 109, 14, 'him', 1),
(97, 110, 14, 'her', 1),
(98, 112, 14, 'us', 1),
(99, 111, 14, 'it', 1),
(100, 107, 14, 'me', 1),
(101, 113, 14, 'you', 1),
(102, 111, 15, 'it', 1),
(103, 112, 15, 'us', 1),
(104, 114, 15, 'them', 1),
(105, 110, 15, 'her', 1),
(106, 107, 15, 'me', 1),
(107, 108, 15, 'you', 1),
(108, 109, 15, 'him', 1),
(109, 113, 15, 'you', 1),
(110, 116, 16, 'sea', 1),
(111, 128, 16, 'ground', 1),
(112, 123, 16, 'montain', 1),
(113, 119, 16, 'river', 1),
(114, 115, 16, 'tree', 1),
(115, 122, 16, 'moon', 1),
(116, 125, 16, 'star', 1),
(117, 126, 16, 'fire', 1),
(118, 118, 16, 'water', 1),
(119, 121, 16, 'island', 1),
(120, 124, 16, 'plant', 1),
(121, 127, 16, 'wood', 1),
(122, 117, 16, 'ship', 1),
(123, 120, 16, 'land', 1),
(124, 125, 17, 'star', 1),
(125, 117, 17, 'ship', 1),
(126, 115, 17, 'tree', 1),
(127, 120, 17, 'land$', 0),
(128, 127, 17, 'wood', 1),
(129, 118, 17, 'water', 1),
(130, 116, 17, 'sea', 1),
(131, 119, 17, 'river', 1),
(132, 126, 17, 'fire', 1),
(133, 122, 17, 'moon', 1),
(134, 121, 17, 'land', 0),
(135, 128, 17, 'ground', 1),
(136, 123, 17, 'montain', 1),
(137, 124, 17, 'plant', 1),
(138, 123, 18, 'montain', 1),
(139, 125, 18, 'star', 1),
(140, 126, 18, 'fire', 1),
(141, 122, 18, 'moon', 1),
(142, 117, 18, 'ship', 1),
(143, 120, 18, 'land', 1),
(144, 124, 18, 'plant', 1),
(145, 127, 18, 'wood', 1),
(146, 115, 18, 'tree', 1),
(147, 118, 18, 'water', 1),
(148, 116, 18, 'sea', 1),
(149, 128, 18, 'ground', 1),
(150, 121, 18, 'island', 1),
(151, 119, 18, 'river', 1),
(152, 115, 19, 'tree', 1),
(153, 117, 19, 'ship', 1),
(154, 118, 19, 'water', 1),
(155, 122, 19, 'moon', 1),
(156, 123, 19, 'montain', 1),
(157, 125, 19, 'star', 1),
(158, 126, 19, 'fire', 1),
(159, 127, 19, 'wood', 1),
(160, 124, 19, 'plant', 1),
(161, 116, 19, 'sea', 1),
(162, 120, 19, 'land', 1),
(163, 119, 19, 'river', 1),
(164, 121, 19, 'island', 1),
(165, 128, 19, 'ground', 1),
(166, 144, 22, 'eighteen', 1),
(167, 137, 22, 'nine', 1),
(168, 141, 22, 'fifteen', 1),
(169, 131, 22, 'three', 1),
(170, 138, 22, 'ten', 1),
(171, 142, 22, 'sixteen', 1),
(172, 147, 22, 'eleve,', 0),
(173, 129, 22, 'one', 1),
(174, 135, 22, 'seven', 1),
(175, 140, 22, 'fourteen', 1),
(176, 139, 22, 'thirteen', 1),
(177, 145, 22, 'nineteen', 1),
(178, 133, 22, 'five', 1),
(179, 146, 22, 'twenty', 1),
(180, 148, 22, 'twelve', 1),
(181, 136, 22, 'eight', 1),
(182, 132, 22, 'four', 1),
(183, 130, 22, 'two', 1),
(184, 143, 22, 'seventeen', 1),
(185, 134, 22, 'six', 1),
(186, 8, 23, 'père', 1),
(187, 145, 23, 'nineteen', 1),
(188, 20, 23, 'laver', 1),
(189, 121, 23, 'island', 1),
(190, 71, 23, 'have a good day', 1),
(191, 1, 23, 'et', 1),
(192, 31, 23, 'friend', 1),
(193, 105, 23, 'saturday', 1),
(194, 132, 23, 'four', 1),
(195, 35, 23, 'my', 1),
(196, 143, 23, 'seventeen', 1),
(197, 37, 23, 'read', 1),
(198, 122, 23, 'moon', 1),
(199, 33, 23, 'look', 1),
(200, 88, 23, 'nous', 1),
(201, 116, 23, 'sea', 1),
(202, 12, 23, 'musicien', 1),
(203, 19, 23, 'également', 1),
(204, 109, 23, 'him', 1),
(205, 135, 23, 'seven', 1),
(206, 103, 23, 'thursday', 1),
(207, 113, 23, 'you', 1),
(208, 144, 23, 'eighteen', 1),
(209, 38, 23, 'really', 1),
(210, 9, 23, 'ami', 1),
(211, 137, 23, 'nine', 1),
(212, 93, 23, 'he', 1),
(213, 86, 23, 'ça', 0),
(214, 17, 23, 'épeler', 1),
(215, 115, 23, 'tree', 1),
(216, 24, 23, 'a bone', 1),
(217, 29, 23, 'dog', 1),
(218, 67, 23, 'you\'re welcome', 1),
(219, 62, 23, 'ravi de vous rencontrer', 1),
(220, 6, 23, 'enfants', 0),
(221, 68, 23, 'zorry', 0),
(222, 14, 23, 'jouer', 1),
(223, 32, 23, 'have', 1),
(224, 56, 23, 'merci (moins formel)', 1),
(225, 118, 23, 'water', 1),
(226, 148, 23, 'twelve', 1),
(227, 138, 23, 'ten', 1),
(228, 63, 23, 'bonne journée', 1),
(229, 89, 23, 'ils', 0),
(230, 3, 23, 'livre', 1),
(231, 128, 23, 'ground', 1),
(232, 11, 23, 'regarde', 0),
(233, 126, 23, 'fire', 1),
(234, 125, 23, 'star', 1),
(235, 66, 23, 'thanks', 1),
(236, 100, 23, 'monday', 1),
(237, 139, 23, 'thirteen', 1),
(238, 58, 23, 'désolé', 1),
(239, 54, 23, 's\'il-vous plaît', 0),
(240, 55, 23, 'merci', 1),
(241, 21, 23, 'regarde', 0),
(242, 136, 23, 'eight', 1),
(243, 95, 23, 'she', 1),
(244, 30, 23, 'father', 1),
(245, 16, 23, 'vraiment', 1),
(246, 22, 23, 'souhaiter', 1),
(247, 124, 23, 'plant', 1),
(248, 28, 23, 'children', 1),
(249, 94, 23, 'it', 1),
(250, 91, 23, 'i', 1),
(251, 110, 23, 'her', 1),
(252, 84, 23, 'toi', 0),
(253, 117, 23, 'ship', 1),
(254, 107, 23, 'me', 1),
(255, 108, 23, 'you', 1),
(256, 85, 23, 'il', 1),
(257, 112, 23, 'we', 0),
(258, 44, 23, 'wish', 1),
(259, 99, 23, 'lapin', 1),
(260, 123, 23, 'montain', 1),
(261, 27, 23, 'but', 1),
(262, 134, 23, 'six', 1),
(263, 141, 23, 'fifteen', 1),
(264, 92, 23, 'you', 1),
(265, 114, 23, 'them', 1),
(266, 120, 23, 'land', 1),
(267, 98, 23, 'rabbit', 1),
(268, 7, 23, 'chien', 1),
(269, 40, 23, 'speak', 0),
(270, 13, 23, 'mon/ma/mes', 1),
(271, 25, 23, 'book', 1),
(272, 61, 23, 'excuse-moi', 1),
(273, 42, 23, 'wash', 1),
(274, 129, 23, 'one', 1),
(275, 43, 23, 'look', 0),
(276, 96, 23, 'we', 1),
(277, 65, 23, 'thank you', 1),
(278, 2, 23, 'un os', 1),
(279, 111, 23, 'it', 1),
(280, 130, 23, 'two', 1),
(281, 142, 23, 'sixteen', 1),
(282, 147, 23, 'eleven', 1),
(283, 4, 23, 'frère', 1),
(284, 70, 23, 'nice to meet you', 1),
(285, 140, 23, 'fourteen', 1),
(286, 5, 23, 'mais', 1),
(287, 101, 23, 'tuesday', 1),
(288, 34, 23, 'musician', 1),
(289, 104, 23, 'friday', 1),
(290, 26, 23, 'brother', 1),
(291, 106, 23, 'sunday', 1),
(292, 41, 23, 'too', 1),
(293, 18, 23, 'parler', 1),
(294, 102, 23, 'wednesday', 1),
(295, 119, 23, 'river', 1),
(296, 64, 23, 'please', 1),
(297, 83, 23, 'je', 1),
(298, 87, 23, 'elle', 1),
(299, 36, 23, 'play', 1),
(300, 10, 23, 'avoir', 1),
(301, 23, 23, 'and', 1),
(302, 69, 23, 'excuse me', 0),
(303, 97, 23, 'they', 1),
(304, 127, 23, 'wood', 1),
(305, 146, 23, 'twenty', 1),
(306, 131, 23, 'three', 1),
(307, 15, 23, 'lire', 1),
(308, 133, 23, 'five', 1),
(309, 39, 23, 'spell', 1),
(310, 57, 23, 'de rien', 1),
(311, 131, 24, 'three', 1),
(312, 56, 25, '', 0),
(313, 141, 25, '', 0),
(314, 23, 25, '', 0),
(315, 43, 25, '', 0),
(316, 112, 26, '', 0),
(317, 96, 26, '', 0),
(318, 63, 26, '', 0),
(319, 8, 26, '', 0),
(320, 123, 26, '', 0),
(321, 124, 26, '', 0),
(322, 9, 26, 'a', 0),
(323, 41, 26, 't', 0),
(324, 88, 26, 'no', 0),
(325, 87, 26, 'el', 0),
(326, 121, 27, 'is', 0),
(327, 118, 27, 'wa', 0),
(328, 124, 27, '', 0),
(329, 127, 27, 'wo', 0),
(330, 120, 27, '', 0),
(331, 117, 27, 'sh', 0),
(332, 119, 27, '', 0),
(333, 116, 27, '', 0),
(334, 126, 27, '', 0),
(335, 128, 27, 'gr', 0),
(336, 123, 27, 'mon', 0),
(337, 122, 27, '', 0),
(338, 125, 27, '', 0),
(339, 115, 27, 'tr', 0),
(340, 144, 28, 'eighteen', 1),
(341, 139, 28, 'thirteen', 1),
(342, 138, 28, 'ten', 1),
(343, 129, 28, 'one', 1),
(344, 134, 28, 'six', 1),
(345, 131, 28, 'three', 1),
(346, 148, 28, 'tw', 0),
(347, 132, 28, 'four', 1),
(348, 135, 28, 'seven', 1),
(349, 130, 28, 'two', 1),
(350, 141, 28, 'fifteen', 1),
(351, 142, 28, 'sixteen', 1),
(352, 147, 28, 'eleven', 1),
(353, 140, 28, 'fourteen', 1),
(354, 145, 28, 'nineteen', 1),
(355, 136, 28, 'eight', 1),
(356, 146, 28, 'twenty', 1),
(357, 133, 28, 'five', 1),
(358, 137, 28, 'nine', 1),
(359, 143, 28, 'seventeen', 1),
(360, 112, 32, '', 0),
(361, 108, 32, '', 0),
(362, 114, 32, '', 0),
(363, 113, 32, '', 0),
(364, 130, 35, '', 0),
(365, 135, 35, '', 0),
(366, 136, 35, '', 0),
(367, 143, 35, '', 0),
(368, 143, 35, '', 0),
(369, 143, 35, '', 0),
(370, 143, 35, '', 0),
(371, 143, 35, '', 0),
(372, 140, 35, '', 0),
(373, 140, 35, '', 0),
(374, 140, 35, '', 0),
(375, 140, 35, '', 0),
(376, 140, 35, '', 0),
(377, 140, 35, '', 0),
(378, 131, 35, '', 0),
(379, 148, 35, '', 0),
(380, 129, 35, '', 0),
(381, 134, 35, '', 0),
(382, 133, 35, '', 0),
(383, 132, 35, '', 0),
(384, 132, 35, '', 0),
(385, 142, 36, '', 0),
(386, 142, 36, '', 0),
(387, 134, 36, '', 0),
(388, 148, 36, '', 0),
(389, 130, 36, '', 0),
(390, 140, 36, '', 0),
(391, 135, 36, '', 0),
(392, 135, 36, '', 0),
(393, 135, 36, '', 0),
(394, 135, 36, '', 0),
(395, 139, 36, '', 0),
(396, 133, 36, '', 0),
(397, 144, 36, '', 0),
(398, 131, 36, '', 0),
(399, 145, 36, '', 0),
(400, 136, 36, '', 0),
(401, 138, 36, '', 0),
(402, 129, 36, '', 0),
(403, 132, 36, '', 0),
(404, 146, 36, '', 0),
(405, 37, 37, '', 0),
(406, 140, 39, '', 0),
(407, 145, 39, '', 0),
(408, 146, 39, '', 0),
(409, 134, 39, '', 0),
(410, 139, 39, '', 0),
(411, 147, 39, '', 0),
(412, 129, 39, '', 0),
(413, 133, 39, '', 0),
(414, 130, 39, '', 0),
(415, 131, 39, '', 0),
(416, 148, 39, '', 0),
(417, 144, 39, '', 0),
(418, 135, 39, '', 0),
(419, 132, 39, '', 0),
(420, 137, 39, '', 0),
(421, 138, 39, '', 0),
(422, 142, 39, '', 0),
(423, 136, 39, '', 0),
(424, 137, 40, '', 0),
(425, 133, 40, '', 0),
(426, 130, 40, '', 0),
(427, 140, 40, '', 0),
(428, 148, 40, '', 0),
(429, 138, 40, '', 0),
(430, 132, 40, '', 0),
(431, 135, 40, '', 0),
(432, 145, 40, '', 0),
(433, 144, 40, '', 0),
(434, 134, 40, '', 0),
(435, 136, 40, '', 0),
(436, 147, 40, '', 0),
(437, 129, 40, '', 0),
(438, 143, 40, '', 0),
(439, 139, 40, '', 0),
(440, 142, 40, '', 0),
(441, 131, 40, '', 0),
(442, 146, 40, '', 0),
(443, 141, 40, '', 0),
(444, 131, 41, 'three', 1),
(445, 132, 41, 'four', 1),
(446, 129, 41, 'one', 1),
(447, 139, 41, 'thirteen', 1),
(448, 141, 41, 'fifteen', 1),
(449, 138, 41, 'ten', 1),
(450, 148, 41, 'twelve', 1),
(451, 133, 41, 'five', 1),
(452, 137, 41, 'nine', 1),
(453, 145, 41, 'nineteen', 1),
(454, 104, 42, '', 0),
(455, 106, 42, '', 0),
(456, 103, 42, '', 0),
(457, 102, 42, '', 0),
(458, 105, 42, '', 0),
(459, 101, 42, '', 0),
(460, 100, 42, '', 0),
(461, 131, 43, '6', 0),
(462, 140, 43, 'f', 0),
(463, 143, 43, 'f', 0),
(464, 136, 43, '55', 0),
(465, 129, 43, '', 0),
(466, 134, 43, '55', 0),
(467, 142, 43, '55', 0),
(468, 138, 43, '', 0),
(469, 135, 43, '555', 0),
(470, 144, 43, 'sdsds', 0),
(471, 132, 43, 'gfgfgf', 0),
(472, 139, 43, 'gfg', 0),
(473, 130, 43, '', 0),
(474, 137, 43, '', 0),
(475, 141, 43, '', 0),
(476, 146, 43, '', 0),
(477, 147, 43, '', 0),
(478, 145, 43, '', 0),
(479, 148, 43, '', 0),
(480, 133, 43, '', 0),
(481, 138, 44, '', 0),
(482, 141, 44, '', 0),
(483, 135, 44, '', 0),
(484, 143, 44, '', 0),
(485, 136, 44, '', 0),
(486, 146, 44, '', 0),
(487, 145, 44, '', 0),
(488, 134, 44, '', 0),
(489, 131, 44, '', 0),
(490, 147, 44, '', 0),
(491, 129, 45, '', 0),
(492, 143, 45, '', 0),
(493, 130, 45, '', 0),
(494, 137, 45, '', 0),
(495, 145, 45, '', 0),
(496, 141, 45, '', 0),
(497, 135, 45, '', 0),
(498, 134, 45, '', 0),
(499, 136, 45, '', 0),
(500, 144, 45, '', 0),
(501, 143, 46, '666', 0),
(502, 137, 46, '666', 0),
(503, 130, 46, '', 0),
(504, 142, 46, '', 0),
(505, 144, 46, '', 0),
(506, 129, 46, '', 0),
(507, 134, 46, '', 0),
(508, 147, 46, '', 0),
(509, 132, 46, '', 0),
(510, 141, 46, 'dssdsd', 0),
(511, 145, 46, 'dfdfdf', 0),
(512, 148, 46, '555', 0),
(513, 136, 46, '5454545', 0),
(514, 139, 46, '', 0),
(515, 146, 46, '', 0),
(516, 135, 46, '', 0),
(517, 140, 46, '', 0),
(518, 133, 46, '', 0),
(519, 131, 46, '', 0),
(520, 138, 46, '', 0),
(521, 94, 47, '5555', 0),
(522, 96, 47, '55', 0),
(523, 128, 48, '55', 0),
(524, 121, 48, '555', 0),
(525, 147, 48, '', 0),
(526, 1, 48, '', 0),
(527, 88, 48, '', 0),
(528, 127, 48, 'wood', 1),
(529, 14, 48, 'jouer', 1),
(530, 68, 48, 'sorry', 1),
(531, 87, 48, 'elle', 1),
(532, 43, 48, 'look', 0),
(533, 101, 49, 'tuesday', 1),
(534, 175, 50, 'up', 1),
(535, 168, 50, 'off', 1),
(536, 169, 50, 'on', 1),
(537, 157, 50, 'behind', 1),
(538, 161, 50, 'from', 1),
(539, 153, 50, 'along', 1),
(540, 174, 50, 'under', 1),
(541, 172, 50, 'to', 1),
(542, 158, 50, 'below', 1),
(543, 164, 50, 'in', 0),
(544, 165, 50, 'near', 1),
(545, 173, 50, 'towards', 1),
(546, 167, 50, 'next to', 1),
(547, 163, 50, 'in front of', 1),
(548, 154, 50, 'among', 1),
(549, 171, 50, 'over', 1),
(550, 155, 50, 'around', 1),
(551, 151, 50, 'above', 1),
(552, 160, 50, 'down', 1),
(553, 162, 50, 'in', 1),
(554, 152, 50, 'across', 1),
(555, 166, 50, 'close to', 1),
(556, 159, 50, 'between', 1),
(557, 156, 50, 'to', 0),
(558, 170, 50, 'in front of', 0),
(559, 39, 52, '', 0),
(560, 33, 52, '', 0),
(561, 32, 52, '', 0),
(562, 36, 52, '', 0),
(563, 43, 52, '', 0),
(564, 40, 52, '', 0),
(565, 29, 52, '', 0),
(566, 25, 52, '', 0),
(567, 37, 52, '', 0),
(568, 24, 52, '', 0),
(569, 30, 52, '', 0),
(570, 42, 52, '', 0),
(571, 27, 52, '', 0),
(572, 26, 52, '', 0),
(573, 44, 52, '', 0),
(574, 41, 52, '', 0),
(575, 23, 52, '', 0),
(576, 38, 52, '', 0),
(577, 31, 52, '', 0),
(578, 28, 52, '', 0),
(579, 98, 53, '', 0),
(580, 5, 53, '', 0),
(581, 10, 53, '', 0),
(582, 15, 53, '', 0),
(583, 6, 53, '', 0),
(584, 13, 53, '', 0),
(585, 16, 53, '', 0),
(586, 11, 53, '', 0),
(587, 22, 53, '', 0),
(588, 1, 53, '', 0),
(589, 18, 53, '', 0),
(590, 3, 53, '', 0),
(591, 7, 53, '', 0),
(592, 4, 53, '', 0),
(593, 8, 53, '', 0),
(594, 9, 53, '', 0),
(595, 19, 53, '', 0),
(596, 2, 53, '', 0),
(597, 12, 53, '', 0),
(598, 20, 53, '', 0),
(599, 17, 53, '', 0),
(600, 21, 53, '', 0),
(601, 99, 53, '', 0),
(602, 14, 53, '', 0),
(603, 111, 54, 'him', 0),
(604, 55, 54, 'merci (moins formel)', 0),
(605, 61, 54, 'excuse-moi', 1),
(606, 62, 54, 'ravi de vous rencontrer', 1),
(607, 57, 54, 'de rien', 1),
(608, 85, 54, 'il', 1),
(609, 65, 54, 'thank you', 1),
(610, 54, 54, 's\'il vous plaît', 1),
(611, 66, 54, 'thanks', 1),
(612, 86, 54, 'il', 1),
(613, 84, 54, 'toi', 0),
(614, 58, 54, 'désolé', 1),
(615, 89, 54, 'ils', 0),
(616, 83, 54, 'je', 1),
(617, 107, 54, 'me', 1),
(618, 71, 54, 'have a good day', 1),
(619, 95, 54, 'she', 1),
(620, 67, 54, 'you\'re welcome', 1),
(621, 97, 54, 'they', 1),
(622, 70, 54, 'nice to meet you', 1),
(623, 35, 54, 'my', 1),
(624, 56, 54, 'merci', 0),
(625, 93, 54, 'he', 1),
(626, 34, 54, 'musicien', 0),
(627, 110, 54, 'her', 1),
(628, 92, 54, 'you', 1),
(629, 64, 54, 'please', 1),
(630, 109, 54, 'him', 1),
(631, 91, 54, 'i', 1),
(632, 69, 54, 'excuse me', 1),
(633, 63, 54, 'bonne journée', 1),
(634, 56, 63, '', 0),
(635, 54, 63, '', 0),
(636, 3, 64, '', 0),
(637, 6, 64, '', 0),
(638, 87, 65, '', 0),
(639, 83, 65, '', 0),
(640, 85, 73, '', 0),
(641, 86, 73, '', 0),
(642, 87, 73, '', 0),
(643, 106, 76, '', 0),
(644, 100, 76, '', 0),
(645, 102, 76, '', 0),
(646, 100, 77, '', 0),
(647, 105, 77, '', 0),
(648, 106, 77, '', 0),
(649, 103, 80, '', 0),
(650, 101, 80, '', 0),
(651, 102, 80, '', 0),
(652, 100, 80, '', 0),
(653, 151, 81, 'above', 1),
(654, 153, 81, 'along', 1),
(655, 152, 81, 'across', 1),
(656, 154, 81, 'among', 1),
(657, 151, 82, 'above', 1),
(658, 152, 82, 'across', 1),
(659, 153, 82, 'along', 1),
(660, 154, 82, 'among', 1),
(661, 152, 83, 'across', 1),
(662, 151, 83, 'above', 1),
(663, 153, 83, 'along', 1),
(664, 154, 83, 'among', 1),
(665, 157, 84, 'behind', 1),
(666, 155, 84, 'around', 1),
(667, 154, 84, 'among', 1),
(668, 153, 84, 'along', 1),
(669, 156, 84, 'at', 1),
(670, 152, 84, 'across', 1),
(671, 151, 84, 'above', 1),
(672, 152, 85, 'across', 1),
(673, 155, 85, 'around', 1),
(674, 154, 85, 'among', 1),
(675, 151, 85, 'above', 1),
(676, 156, 85, 'at', 1),
(677, 153, 85, 'along', 1),
(678, 155, 86, 'around', 1),
(679, 157, 86, 'behind', 1),
(680, 159, 86, 'between', 1),
(681, 160, 86, 'down', 1),
(682, 158, 86, 'alow', 0),
(683, 156, 86, 'at', 1),
(684, 153, 86, 'along', 1),
(685, 152, 86, 'across', 1),
(686, 161, 86, 'from', 1),
(687, 151, 86, 'above', 1),
(688, 154, 86, 'among', 1),
(689, 153, 87, 'along', 1),
(690, 151, 87, 'above', 1),
(691, 157, 87, 'behind', 1),
(692, 156, 87, 'at', 1),
(693, 158, 87, 'below', 1),
(694, 152, 87, 'across', 1),
(695, 160, 87, 'down', 1),
(696, 161, 87, 'from', 1),
(697, 154, 87, 'among', 1),
(698, 159, 87, 'between', 1),
(699, 155, 87, '', 0),
(700, 164, 88, 'into', 1),
(701, 162, 88, 'in', 1),
(702, 163, 88, 'in front of', 1),
(703, 161, 89, 'from', 1),
(704, 160, 89, 'down', 1),
(705, 162, 89, 'in', 1),
(706, 163, 89, 'in front of', 1),
(707, 165, 90, 'near', 1),
(708, 167, 90, 'next to', 1),
(709, 166, 90, 'clode to', 0),
(710, 167, 91, 'close to', 0),
(711, 165, 91, 'next to', 0),
(712, 166, 91, 'near', 0),
(713, 166, 92, 'close to', 1),
(714, 167, 92, 'next to', 1),
(715, 165, 92, 'near', 1),
(716, 158, 93, '', 0),
(717, 151, 93, 'above', 1),
(718, 157, 93, 'behind', 1),
(719, 156, 93, 'at', 1),
(720, 152, 93, 'across', 1),
(721, 155, 93, 'among', 0),
(722, 153, 93, 'along', 1),
(723, 154, 93, 'among', 1),
(724, 158, 97, '', 0),
(725, 154, 97, '', 0),
(726, 155, 97, '', 0),
(727, 151, 97, '', 0),
(728, 157, 97, '', 0),
(729, 152, 97, '', 0),
(730, 156, 97, '', 0),
(731, 153, 97, '', 0),
(732, 108, 100, '', 0),
(733, 138, 100, '', 0),
(734, 157, 100, '', 0),
(735, 85, 100, '', 0),
(736, 57, 100, '', 0),
(737, 85, 101, '', 0),
(738, 108, 101, '', 0),
(739, 57, 101, '', 0),
(740, 138, 101, '', 0),
(741, 157, 101, '', 0),
(742, 161, 102, 'from', 1),
(743, 155, 102, 'around', 1),
(744, 153, 102, 'along', 1),
(745, 157, 102, 'behind', 1),
(746, 160, 102, 'down', 1),
(747, 159, 102, 'between', 1),
(748, 151, 102, 'above', 1),
(749, 162, 102, 'in', 1),
(750, 152, 102, 'across', 1),
(751, 158, 102, 'below', 1),
(752, 154, 102, 'among', 1),
(753, 156, 102, 'at', 1),
(754, 160, 103, 'down', 1),
(755, 153, 103, 'along', 1),
(756, 156, 103, 'at', 1),
(757, 151, 103, 'above', 1),
(758, 162, 103, 'in', 1),
(759, 152, 103, 'across', 1),
(760, 158, 103, 'below', 1),
(761, 157, 103, 'behind', 1),
(762, 159, 103, 'between', 1),
(763, 154, 103, 'among', 1),
(764, 161, 103, 'from', 1),
(765, 155, 103, 'around', 1);

-- --------------------------------------------------------

--
-- Structure de la table `parties`
--

CREATE TABLE `parties` (
  `id` int(11) NOT NULL,
  `id_theme` varchar(255) NOT NULL,
  `date_partie` varchar(50) NOT NULL,
  `score` varchar(10) NOT NULL DEFAULT '0',
  `type` int(11) NOT NULL DEFAULT 0
) ENGINE=InnoDB DEFAULT CHARSET=latin1;

--
-- Déchargement des données de la table `parties`
--

INSERT INTO `parties` (`id`, `id_theme`, `date_partie`, `score`, `type`) VALUES
(1, '3', '20/07/2020 à 19:07', '0', 0),
(2, '3', '20/07/2020 à 19:10', '0/3', 0),
(3, 'random', '20/07/2020 à 19:10', '0/2', 0),
(4, '15', '20/07/2020 à 21:34', '0/2', 0),
(5, 'random', '20/07/2020 à 21:37', '0', 0),
(6, 'random', '20/07/2020 à 21:42', '3/5', 0),
(7, 'random', '20/07/2020 à 21:44', '27/30', 0),
(8, '16', '21/07/2020 à 23:03', '8/8', 0),
(9, '16', '21/07/2020 à 23:05', '7/8', 0),
(10, '16', '21/07/2020 à 23:07', '8/8', 0),
(11, '16', '21/07/2020 à 23:08', '7/8', 0),
(12, '16', '21/07/2020 à 23:09', '7/8', 0),
(13, '16', '21/07/2020 à 23:12', '8/8', 0),
(14, '16', '22/07/2020 à 21:39', '7/8', 0),
(15, '16', '22/07/2020 à 21:40', '8/8', 0),
(16, '17', '22/07/2020 à 21:50', '14/14', 0),
(17, '17', '22/07/2020 à 22:44', '12/14', 0),
(18, '17', '22/07/2020 à 22:47', '14/14', 0),
(19, '17', '23/07/2020 à 11:07', '14/14', 0),
(20, '18', '23/07/2020', '0', 0),
(21, '18', '23/07/2020', '0', 0),
(22, '18', '23/07/2020', '19/20', 0),
(23, 'random', '23/07/2020', '113/125', 0),
(24, '18', '23/07/2020', '0', 0),
(25, 'random', '23/07/2020', '0', 0),
(26, 'random', '23/07/2020', '0/10', 0),
(27, '17', '23/07/2020', '0/14', 0),
(28, '18', '23/07/2020', '19/20', 0),
(29, '18', '24/07/2020', '0', 0),
(30, '3', '24/07/2020', '0', 0),
(31, '4', '24/07/2020', '0', 0),
(32, '16', '24/07/2020', '0', 0),
(33, '18', '25/07/2020', '0', 0),
(34, '13', '25/07/2020', '0', 0),
(35, '18', '25/07/2020', '0/20', 0),
(36, '18', '25/07/2020', '0/20', 0),
(37, '0', '25/07/2020', '0', 0),
(38, '0', '25/07/2020', '0', 0),
(39, '18', '25/07/2020', '0', 0),
(40, '18', '25/07/2020', '0/20', 0),
(41, '18', '25/07/2020', '10/10', 0),
(42, '15', '26/07/2020', '0/7', 0),
(43, '18', '26/07/2020', '0/20', 0),
(44, '18', '26/07/2020', '0/10', 0),
(45, '18', '26/07/2020', '0/10', 0),
(46, '18', '26/07/2020', '0/20', 0),
(47, '14', '26/07/2020', '0', 0),
(48, 'random', '26/07/2020', '4/10', 0),
(49, '15', '26/07/2020', '0', 0),
(50, '38', '27/07/2020', '22/25', 0),
(52, '4', '30/07/2020', '0/20', 0),
(53, '3', '30/07/2020', '0/24', 0),
(54, 'random', '30/07/2020', '25/31', 2),
(55, '14', '31/07/2020', '0', 0),
(56, '14', '31/07/2020', '0', 0),
(57, '14', '31/07/2020', '0', 0),
(58, '14', '31/07/2020', '0', 0),
(59, '14', '31/07/2020', '0', 0),
(60, '14', '31/07/2020', '0', 0),
(61, '14', '31/07/2020', '0', 0),
(62, '14', '31/07/2020', '0', 0),
(63, '10', '31/07/2020', '0', 0),
(64, '3', '31/07/2020', '0', 0),
(65, '13', '31/07/2020', '0', 0),
(66, '14', '31/07/2020', '0', 0),
(67, '15', '31/07/2020', '0', 0),
(68, '11', '31/07/2020', '0', 0),
(69, '14', '31/07/2020', '0', 0),
(70, '14', '31/07/2020', '0', 0),
(71, '14', '31/07/2020', '0', 0),
(72, '4', '04/08/2020', '0', 0),
(73, '13', '04/08/2020', '0/3', 0),
(74, '15', '04/08/2020', '0', 0),
(75, '15', '04/08/2020', '0', 0),
(76, '15', '04/08/2020', '0/3', 0),
(77, '15', '04/08/2020', '0/3', 0),
(78, '15', '04/08/2020', '0', 0),
(79, '15', '04/08/2020', '0', 0),
(80, '15', '04/08/2020', '0/4', 0),
(81, '38', '04/08/2020', '4/4', 0),
(82, '38', '04/08/2020', '4/4', 0),
(83, '38', '04/08/2020', '4/4', 0),
(84, '38', '04/08/2020', '7/7', 0),
(85, '38', '04/08/2020', '6/6', 0),
(86, '38', '04/08/2020', '10/11', 0),
(87, '38', '04/08/2020', '10/11', 0),
(88, '38', '04/08/2020', '3/3', 0),
(89, '38', '04/08/2020', '4/4', 0),
(90, '38', '04/08/2020', '2/3', 0),
(91, '38', '04/08/2020', '0/3', 0),
(92, '38', '05/08/2020', '3/3', 0),
(93, '38', '05/08/2020', '6/8', 0),
(94, '38', '05/08/2020', '0', 0),
(95, '38', '05/08/2020', '0', 0),
(96, '38', '05/08/2020', '0', 0),
(97, '38', '05/08/2020', '0/8', 0),
(98, '38', '05/08/2020', '0', 0),
(99, '38', '05/08/2020', '0', 0),
(100, 'random', '05/08/2020', '0/5', 0),
(101, 'random', '05/08/2020', '0/5', 0),
(102, '38', '05/08/2020', '12/12', 0),
(103, '38', '05/08/2020', '12/12', 0);

-- --------------------------------------------------------

--
-- Structure de la table `questions`
--

CREATE TABLE `questions` (
  `id` int(11) NOT NULL,
  `question` varchar(255) NOT NULL,
  `reponse` varchar(255) NOT NULL,
  `id_theme` int(11) DEFAULT NULL,
  `intitule_question` varchar(255) NOT NULL
) ENGINE=InnoDB DEFAULT CHARSET=latin1;

--
-- Déchargement des données de la table `questions`
--

INSERT INTO `questions` (`id`, `question`, `reponse`, `id_theme`, `intitule_question`) VALUES
(1, 'and', 'et', 3, 'Traduis ce mot en français'),
(2, 'a bone', 'un os', 3, 'Traduis ce mot en français'),
(3, 'book', 'livre', 3, 'Traduis ce mot en français'),
(4, 'brother', 'frère', 3, 'Traduis ce mot en français'),
(5, 'but', 'mais', 3, 'Traduis ce mot en français'),
(6, 'children', 'les enfants', 3, 'Traduis ce mot en français'),
(7, 'dog', 'chien', 3, 'Traduis ce mot en français'),
(8, 'father', 'père', 3, 'Traduis ce mot en français'),
(9, 'friend', 'ami', 3, 'Traduis ce mot en français'),
(10, 'have', 'avoir', 3, 'Traduis ce mot en français'),
(11, 'look', 'regarder', 3, 'Traduis ce mot en français'),
(12, 'musician', 'musicien', 3, 'Traduis ce mot en français'),
(13, 'my', 'mon/ma/mes', 3, 'Traduis ce mot en français'),
(14, 'play', 'jouer', 3, 'Traduis ce mot en français'),
(15, 'read', 'lire', 3, 'Traduis ce mot en français'),
(16, 'really', 'vraiment', 3, 'Traduis ce mot en français'),
(17, 'spell', 'épeler', 3, 'Traduis ce mot en français'),
(18, 'talk', 'parler', 3, 'Traduis ce mot en français'),
(19, 'too', 'également', 3, 'Traduis ce mot en français'),
(20, 'wash', 'laver', 3, 'Traduis ce mot en français'),
(21, 'watch', 'regarder', 3, 'Traduis ce mot en français'),
(22, 'wish', 'souhaiter', 3, 'Traduis ce mot en français'),
(23, 'et', 'and', 4, 'Traduis ce mot en anglais'),
(24, 'un os', 'a bone', 4, 'Traduis ce mot en anglais'),
(25, 'livre', 'book', 4, 'Traduis ce mot en anglais'),
(26, 'frère', 'brother', 4, 'Traduis ce mot en anglais'),
(27, 'mais', 'but', 4, 'Traduis ce mot en anglais'),
(28, 'les enfants', 'children', 4, 'Traduis ce mot en anglais'),
(29, 'chien', 'dog', 4, 'Traduis ce mot en anglais'),
(30, 'père', 'father', 4, 'Traduis ce mot en anglais'),
(31, 'ami', 'friend', 4, 'Traduis ce mot en anglais'),
(32, 'avoir', 'have', 4, 'Traduis ce mot en anglais'),
(33, 'regarder', 'look', 4, 'Traduis ce mot en anglais'),
(34, 'musicien', 'musician', 4, 'Traduis ce mot en anglais'),
(35, 'mon/ma/mes', 'my', 4, 'Traduis ce mot en anglais'),
(36, 'jouer', 'play', 4, 'Traduis ce mot en anglais'),
(37, 'lire', 'read', 4, 'Traduis ce mot en anglais'),
(38, 'vraiment', 'really', 4, 'Traduis ce mot en anglais'),
(39, 'épeler', 'spell', 4, 'Traduis ce mot en anglais'),
(40, 'parler', 'talk', 4, 'Traduis ce mot en anglais'),
(41, 'également', 'too', 4, 'Traduis ce mot en anglais'),
(42, 'laver', 'wash', 4, 'Traduis ce mot en anglais'),
(43, 'regarder', 'watch', 4, 'Traduis ce mot en anglais'),
(44, 'souhaiter', 'wish', 4, 'Traduis ce mot en anglais'),
(54, 'please', 's\'il vous plaît', 10, 'Traduis ce mot en français'),
(55, 'thank you', 'merci', 10, 'Traduis ce mot en français'),
(56, 'thanks', 'merci (moins formel)', 10, 'Traduis ce mot en français'),
(57, 'you\'re welcome', 'de rien', 10, 'Traduis ce mot en français'),
(58, 'sorry', 'désolé', 10, 'Traduis ce mot en français'),
(61, 'excuse me', 'excuse-moi', 10, 'Traduis ce mot en français'),
(62, 'nice to meet you', 'ravi de vous rencontrer', 10, 'Traduis ce mot en français'),
(63, 'have a good day', 'bonne journée', 10, 'Traduis ce mot en français'),
(64, 's\'il vous plaît', 'please', 11, 'Traduis ce mot en anglais'),
(65, 'merci', 'thank you', 11, 'Traduis ce mot en anglais'),
(66, 'merci (moins formel)', 'thanks', 11, 'Traduis ce mot en anglais'),
(67, 'de rien', 'you\'re welcome', 11, 'Traduis ce mot en anglais'),
(68, 'désolé', 'sorry', 11, 'Traduis ce mot en anglais'),
(69, 'excuse-moi', 'excuse me', 11, 'Traduis ce mot en anglais'),
(70, 'ravi de vous rencontrer', 'nice to meet you', 11, 'Traduis ce mot en anglais'),
(71, 'bonne journée', 'have a good day', 11, 'Traduis ce mot en anglais'),
(83, 'i', 'je', 13, 'Traduis ce mot en français'),
(84, 'you', 'tu ou vous', 13, 'Traduis ce mot en français'),
(85, 'he', 'il', 13, 'Traduis ce mot en français'),
(86, 'it', 'il', 13, 'Traduis ce mot en français'),
(87, 'she', 'elle', 13, 'Traduis ce mot en français'),
(88, 'we', 'nous', 13, 'Traduis ce mot en français'),
(89, 'they', 'ils ou elles', 13, 'Traduis ce mot en français'),
(91, 'je', 'i', 14, 'Traduis ce mot en anglais'),
(92, 'tu ou vous', 'you', 14, 'Traduis ce mot en anglais'),
(93, 'il', 'he', 14, 'Traduis ce mot en anglais'),
(94, 'il (objet ou animal)', 'it', 14, 'Traduis ce mot en anglais'),
(95, 'elle', 'she', 14, 'Traduis ce mot en anglais'),
(96, 'nous', 'we', 14, 'Traduis ce mot en anglais'),
(97, 'ils ou elles', 'they', 14, 'Traduis ce mot en anglais'),
(98, 'lapin', 'rabbit', 3, 'Traduis ce mot en anglais'),
(99, 'rabbit', 'lapin', 3, 'Traduis ce mot en français'),
(100, 'lundi', 'monday', 15, 'Traduis ce mot en anglais'),
(101, 'mardi', 'tuesday', 15, 'Traduis ce mot en anglais'),
(102, 'mercredi', 'wednesday', 15, 'Traduis ce mot en anglais'),
(103, 'jeudi', 'thursday', 15, 'Traduis ce mot en anglais'),
(104, 'vendredi', 'friday', 15, 'Traduis ce mot en anglais'),
(105, 'samedi', 'saturday', 15, 'Traduis ce mot en anglais'),
(106, 'dimanche', 'sunday', 15, 'Traduis ce mot en anglais'),
(107, 'moi', 'me', 16, 'Traduis ce mot en anglais'),
(108, 'toi', 'you', 16, 'Traduis ce mot en anglais'),
(109, 'le', 'him', 16, 'Traduis ce mot en anglais'),
(110, 'la', 'her', 16, 'Traduis ce mot en anglais'),
(111, 'lui', 'it', 16, 'Traduis ce mot en anglais'),
(112, 'nous', 'us', 16, 'Traduis ce mot en anglais'),
(113, 'vous', 'you', 16, 'Traduis ce mot en anglais'),
(114, 'les/leur', 'them', 16, 'Traduis ce mot en anglais'),
(115, 'arbre', 'tree', 17, 'Traduis ce mot en anglais'),
(116, 'mer', 'sea', 17, 'Traduis ce mot en anglais'),
(117, 'navire', 'ship', 17, 'Traduis ce mot en anglais'),
(118, 'eau', 'water', 17, 'Traduis ce mot en anglais'),
(119, 'rivière', 'river', 17, 'Traduis ce mot en anglais'),
(120, 'terre', 'land', 17, 'Traduis ce mot en anglais'),
(121, 'île', 'island', 17, 'Traduis ce mot en anglais'),
(122, 'lune', 'moon', 17, 'Traduis ce mot en anglais'),
(123, 'montagne', 'montain', 17, 'Traduis ce mot en anglais'),
(124, 'plante', 'plant', 17, 'Traduis ce mot en anglais'),
(125, 'étoile', 'star', 17, 'Traduis ce mot en anglais'),
(126, 'feu', 'fire', 17, 'Traduis ce mot en anglais'),
(127, 'bois', 'wood', 17, 'Traduis ce mot en anglais'),
(128, 'sol', 'ground', 17, 'Traduis ce mot en anglais'),
(129, 'un', 'one', 18, 'Traduis ce mot en anglais'),
(130, 'deux', 'two', 18, 'Traduis ce mot en anglais'),
(131, 'trois', 'three', 18, 'Traduis ce mot en anglais'),
(132, 'quatre', 'four', 18, 'Traduis ce mot en anglais'),
(133, 'cinq', 'five', 18, 'Traduis ce mot en anglais'),
(134, 'six', 'six', 18, 'Traduis ce mot en anglais'),
(135, 'sept', 'seven', 18, 'Traduis ce mot en anglais'),
(136, 'huit', 'eight', 18, 'Traduis ce mot en anglais'),
(137, 'neuf', 'nine', 18, 'Traduis ce mot en anglais'),
(138, 'dix', 'ten', 18, 'Traduis ce mot en anglais'),
(139, 'treize', 'thirteen', 18, 'Traduis ce mot en anglais'),
(140, 'quatorze', 'fourteen', 18, 'Traduis ce mot en anglais'),
(141, 'quinze', 'fifteen', 18, 'Traduis ce mot en anglais'),
(142, 'seize', 'sixteen', 18, 'Traduis ce mot en anglais'),
(143, 'dix-sept', 'seventeen', 18, 'Traduis ce mot en anglais'),
(144, 'dix-huit', 'eighteen', 18, 'Traduis ce mot en anglais'),
(145, 'dix-neuf', 'nineteen', 18, 'Traduis ce mot en anglais'),
(146, 'vingt', 'twenty', 18, 'Traduis ce mot en anglais'),
(147, 'onze', 'eleven', 18, 'Traduis ce mot en anglais'),
(148, 'douze', 'twelve', 18, 'Traduis ce mot en anglais'),
(151, 'au-dessus', 'above', 38, 'Traduis ce mot en anglais'),
(152, 'à travers', 'across', 38, 'Traduis ce mot en anglais'),
(153, 'le long de', 'along', 38, 'Traduis ce mot en anglais'),
(154, 'parmi', 'among', 38, 'Traduis ce mot en anglais'),
(155, 'autour de', 'around', 38, 'Traduis ce mot en anglais'),
(156, 'à (sans déplacement)', 'at', 38, 'Traduis ce mot en anglais'),
(157, 'derrière', 'behind', 38, 'Traduis ce mot en anglais'),
(158, 'au-dessous de', 'below', 38, 'Traduis ce mot en anglais'),
(159, 'entre', 'between', 38, 'Traduis ce mot en anglais'),
(160, 'en bas de / vers le bas', 'down', 38, 'Traduis ce mot en anglais'),
(161, '(en provenance) de', 'from', 38, 'Traduis ce mot en anglais'),
(162, 'dans (localise quelqu\'un ou quelque chose)', 'in', 38, 'Traduis ce mot en anglais'),
(163, 'en face de', 'in front of', 38, 'Traduis ce mot en anglais'),
(164, 'dans (lieu)', 'into', 38, 'Traduis ce mot en anglais'),
(165, 'près de', 'near', 38, 'Traduis ce mot en anglais'),
(166, 'proche de', 'close to', 38, 'Traduis ce mot en anglais'),
(167, 'à côté de', 'next to', 38, 'Traduis ce mot en anglais'),
(168, 'éloigné', 'off', 38, 'Traduis ce mot en anglais'),
(169, 'sur', 'on', 38, 'Traduis ce mot en anglais'),
(170, 'en face de', 'opposite', 38, 'Traduis ce mot en anglais'),
(171, 'par-dessus', 'over', 38, 'Traduis ce mot en anglais'),
(172, 'à (avec déplacement)', 'to', 38, 'Traduis ce mot en anglais'),
(173, 'vers', 'towards', 38, 'Traduis ce mot en anglais'),
(174, 'sous', 'under', 38, 'Traduis ce mot en anglais'),
(175, 'vers le haut de', 'up', 38, 'Traduis ce mot en anglais');

-- --------------------------------------------------------

--
-- Structure de la table `questions_quotidiennes`
--

CREATE TABLE `questions_quotidiennes` (
  `id` int(11) NOT NULL,
  `id_partie` int(11) NOT NULL,
  `id_question` int(11) NOT NULL
) ENGINE=InnoDB DEFAULT CHARSET=latin1;

--
-- Déchargement des données de la table `questions_quotidiennes`
--

INSERT INTO `questions_quotidiennes` (`id`, `id_partie`, `id_question`) VALUES
(39, 54, 34),
(40, 54, 35),
(41, 54, 54),
(42, 54, 55),
(43, 54, 56),
(44, 54, 57),
(45, 54, 58),
(46, 54, 61),
(47, 54, 62),
(48, 54, 63),
(49, 54, 64),
(50, 54, 65),
(51, 54, 66),
(52, 54, 67),
(53, 54, 69),
(54, 54, 70),
(55, 54, 71),
(56, 54, 83),
(57, 54, 84),
(58, 54, 85),
(59, 54, 86),
(60, 54, 89),
(61, 54, 91),
(62, 54, 92),
(63, 54, 93),
(64, 54, 95),
(65, 54, 97),
(66, 54, 107),
(67, 54, 109),
(68, 54, 110),
(69, 54, 111);

-- --------------------------------------------------------

--
-- Structure de la table `themes`
--

CREATE TABLE `themes` (
  `id` int(11) NOT NULL,
  `theme` varchar(255) NOT NULL
) ENGINE=InnoDB DEFAULT CHARSET=latin1;

--
-- Déchargement des données de la table `themes`
--

INSERT INTO `themes` (`id`, `theme`) VALUES
(3, 'Traduis ces mots EN -> FR (série 1)'),
(4, 'Traduis ces mots FR -> EN (série 1)'),
(10, 'Les formules de politesse EN ->  FR'),
(11, 'Les formules de politesse FR -> EN'),
(13, 'Pronoms personnels sujets EN -> FR'),
(14, 'Pronoms personnels sujets FR -> EN'),
(15, 'Les jours de la semaine FR => EN'),
(16, 'Pronoms personnels compléments'),
(17, 'La nature FR => EN'),
(18, 'Les nombres cardinaux FR => EN'),
(38, 'Prépositions EN => FR');

--
-- Index pour les tables déchargées
--

--
-- Index pour la table `admin`
--
ALTER TABLE `admin`
  ADD PRIMARY KEY (`id_user`);

--
-- Index pour la table `exemple`
--
ALTER TABLE `exemple`
  ADD PRIMARY KEY (`id`);

--
-- Index pour la table `historique_reponses`
--
ALTER TABLE `historique_reponses`
  ADD PRIMARY KEY (`id`),
  ADD KEY `fk_id_partie` (`id_partie`),
  ADD KEY `fk_id_question` (`id_question`);

--
-- Index pour la table `parties`
--
ALTER TABLE `parties`
  ADD PRIMARY KEY (`id`);

--
-- Index pour la table `questions`
--
ALTER TABLE `questions`
  ADD PRIMARY KEY (`id`),
  ADD KEY `fk_id_theme` (`id_theme`);

--
-- Index pour la table `questions_quotidiennes`
--
ALTER TABLE `questions_quotidiennes`
  ADD PRIMARY KEY (`id`),
  ADD KEY `fk_id_question2` (`id_question`),
  ADD KEY `fk_id_partie2` (`id_partie`);

--
-- Index pour la table `themes`
--
ALTER TABLE `themes`
  ADD PRIMARY KEY (`id`);

--
-- AUTO_INCREMENT pour les tables déchargées
--

--
-- AUTO_INCREMENT pour la table `admin`
--
ALTER TABLE `admin`
  MODIFY `id_user` int(11) NOT NULL AUTO_INCREMENT, AUTO_INCREMENT=10;

--
-- AUTO_INCREMENT pour la table `exemple`
--
ALTER TABLE `exemple`
  MODIFY `id` int(11) NOT NULL AUTO_INCREMENT;

--
-- AUTO_INCREMENT pour la table `historique_reponses`
--
ALTER TABLE `historique_reponses`
  MODIFY `id` int(11) NOT NULL AUTO_INCREMENT, AUTO_INCREMENT=766;

--
-- AUTO_INCREMENT pour la table `parties`
--
ALTER TABLE `parties`
  MODIFY `id` int(11) NOT NULL AUTO_INCREMENT, AUTO_INCREMENT=104;

--
-- AUTO_INCREMENT pour la table `questions`
--
ALTER TABLE `questions`
  MODIFY `id` int(11) NOT NULL AUTO_INCREMENT, AUTO_INCREMENT=188;

--
-- AUTO_INCREMENT pour la table `questions_quotidiennes`
--
ALTER TABLE `questions_quotidiennes`
  MODIFY `id` int(11) NOT NULL AUTO_INCREMENT, AUTO_INCREMENT=70;

--
-- AUTO_INCREMENT pour la table `themes`
--
ALTER TABLE `themes`
  MODIFY `id` int(11) NOT NULL AUTO_INCREMENT, AUTO_INCREMENT=51;

--
-- Contraintes pour les tables déchargées
--

--
-- Contraintes pour la table `historique_reponses`
--
ALTER TABLE `historique_reponses`
  ADD CONSTRAINT `fk_id_partie` FOREIGN KEY (`id_partie`) REFERENCES `parties` (`id`) ON DELETE NO ACTION ON UPDATE NO ACTION,
  ADD CONSTRAINT `fk_id_question` FOREIGN KEY (`id_question`) REFERENCES `questions` (`id`) ON DELETE CASCADE ON UPDATE CASCADE;

--
-- Contraintes pour la table `questions`
--
ALTER TABLE `questions`
  ADD CONSTRAINT `fk_id_theme` FOREIGN KEY (`id_theme`) REFERENCES `themes` (`id`) ON DELETE SET NULL;

--
-- Contraintes pour la table `questions_quotidiennes`
--
ALTER TABLE `questions_quotidiennes`
  ADD CONSTRAINT `fk_id_partie2` FOREIGN KEY (`id_partie`) REFERENCES `parties` (`id`) ON DELETE CASCADE ON UPDATE CASCADE,
  ADD CONSTRAINT `fk_id_question2` FOREIGN KEY (`id_question`) REFERENCES `questions` (`id`) ON DELETE CASCADE ON UPDATE CASCADE;
COMMIT;

/*!40101 SET CHARACTER_SET_CLIENT=@OLD_CHARACTER_SET_CLIENT */;
/*!40101 SET CHARACTER_SET_RESULTS=@OLD_CHARACTER_SET_RESULTS */;
/*!40101 SET COLLATION_CONNECTION=@OLD_COLLATION_CONNECTION */;
